,t(ms),Conductance NMDA,Conductance AMPA,Conductance GABA
0,-10.0,0.0,0.0,0.0
1,0.0,0.0,0.0,0.0
2,0.12012012012012012,0.23677804952581713,0.8019445265005022,0.8019445265005022
3,0.24024024024024024,0.4213223686820401,0.991425727219887,0.991425727219887
4,0.36036036036036034,0.5647997885514991,1.0,1.0
5,0.4804804804804805,0.6759922568834613,0.9572778467597648,0.9572778467597648
6,0.6006006006006006,0.7618061569738787,0.9020485177241637,0.9020485177241637
7,0.7207207207207207,0.8276728558433109,0.8457922952056945,0.8457922952056945
8,0.8408408408408409,0.8778637109029395,0.7917862201834267,0.7917862201834267
9,0.960960960960961,0.9157378034477324,0.7408509315949492,0.7408509315949492
10,1.0810810810810811,0.9439367659093066,0.6930787671647478,0.6930787671647478
11,1.2012012012012012,0.9645380015831729,0.6483529440653057,0.6483529440653057
12,1.3213213213213213,0.9791751825791625,0.6065031013837161,0.6065031013837161
13,1.4414414414414414,0.989133014093579,0.567351489927282,0.567351489927282
14,1.5615615615615615,0.9954217607156378,0.5307263040710986,0.5307263040710986
15,1.6816816816816818,0.9988358568103568,0.4964651652400039,0.4964651652400039
16,1.8018018018018018,1.0,0.46441567671263134,0.46441567671263134
17,1.921921921921922,0.9994054008672931,0.4344351292185098,0.4344351292185098
18,2.042042042042042,0.9974382911285032,0.4063899808458167,0.4063899808458167
19,2.1621621621621623,0.9944023435660685,0.38015529691177896,0.38015529691177896
20,2.2822822822822824,0.9905363039321085,0.3556142038475534,0.3556142038475534
21,2.4024024024024024,0.9860278573595853,0.3326573716758921,0.3326573716758921
22,2.5225225225225225,0.9810245334438177,0.31118252789356904,0.31118252789356904
23,2.6426426426426426,0.975642282419174,0.29109400213243497,0.29109400213243497
24,2.7627627627627627,0.9699722197944407,0.2723023000337076,0.2723023000337076
25,2.8828828828828827,0.9640859305928605,0.2547237045764304,0.2547237045764304
26,3.003003003003003,0.9580396408092735,0.23827990312593647,0.23827990312593647
27,3.123123123123123,0.9518774980027412,0.22289763855342487,0.22289763855342487
28,3.2432432432432434,0.9456341512786832,0.2085083828761815,0.2085083828761815
29,3.3633633633633635,0.9393367802836933,0.195048031965654,0.195048031965654
30,3.4834834834834836,0.9330066908825164,0.1824566199636464,0.1824566199636464
31,3.6036036036036037,0.9266605700570434,0.17067805213446263,0.17067805213446263
32,3.7237237237237237,0.9203114728042673,0.15965985496288657,0.15965985496288657
33,3.843843843843844,0.9139695982678208,0.14935294238469254,0.14935294238469254
34,3.963963963963964,0.907642900114626,0.13971139710824895,0.13971139710824895
35,4.084084084084084,0.9013375665554765,0.13069226605300147,0.13069226605300147
36,4.2042042042042045,0.8950583978485593,0.12225536899351522,0.12225536899351522
37,4.324324324324325,0.8888091031795962,0.11436311955658615,0.11436311955658615
38,4.444444444444445,0.8825925341366457,0.10698035777396216,0.10698035777396216
39,4.564564564564565,0.8764108683205021,0.10007419344469809,0.10007419344469809
40,4.684684684684685,0.8702657537398101,0.09361385960932318,0.09361385960932318
41,4.804804804804805,0.8641584223657811,0.0875705754830479,0.0875705754830479
42,4.924924924924925,0.8580897794328364,0.08191741823737876,0.08191741823737876
43,5.045045045045045,0.8520604736649331,0.07662920305892776,0.07662920305892776
44,5.165165165165165,0.8460709525011226,0.07168237095107795,0.07168237095107795
45,5.285285285285285,0.8401215055239462,0.06705488377866266,0.06705488377866266
46,5.405405405405405,0.8342122986101037,0.06272612608808167,0.06272612608808167
47,5.525525525525525,0.828343400784781,0.05867681326546311,0.05867681326546311
48,5.645645645645645,0.8225148053378689,0.05488890562371602,0.05488890562371602
49,5.7657657657657655,0.8167264464275354,0.051345528035731273,0.051345528035731273
50,5.885885885885886,0.8109782121348972,0.04803089475569659,0.04803089475569659
51,6.006006006006006,0.8052699547277171,0.04493023909360493,0.04493023909360493
52,6.126126126126126,0.7996014987291952,0.0420297476296562,0.0420297476296562
53,6.246246246246246,0.7939726472606196,0.039316498675477186,0.039316498675477186
54,6.366366366366366,0.7883831870265323,0.03677840470800473,0.03677840470800473
55,6.486486486486487,0.7828328922323425,0.03440415851957518,0.03440415851957518
56,6.606606606606607,0.7773215276623876,0.03218318284431843,0.03218318284431843
57,6.726726726726727,0.7718488510977644,0.030105583236442458,0.030105583236442458
58,6.846846846846847,0.7664146152149486,0.02816210399048118,0.02816210399048118
59,6.966966966966967,0.7610185690761043,0.02634408690713,0.02634408690713
60,7.087087087087087,0.7556604592983033,0.02464343272097121,0.02464343272097121
61,7.207207207207207,0.7503400309702495,0.023052565018249687,0.023052565018249687
62,7.327327327327327,0.7450570283704455,0.021564396483952423,0.021564396483952423
63,7.4474474474474475,0.7398111955292307,0.02017229732782278,0.02017229732782278
64,7.5675675675675675,0.7346022766680493,0.01887006574864755,0.01887006574864755
65,7.687687687687688,0.7294300165421901,0.01765190030523478,0.01765190030523478
66,7.807807807807808,0.7242941607076264,0.016512374070995466,0.016512374070995466
67,7.927927927927928,0.7191944557281916,0.015446410456987726,0.015446410456987726
68,8.048048048048049,0.7141306493358452,0.014449260595714934,0.014449260595714934
69,8.168168168168169,0.7091024905540683,0.013516482184922842,0.013516482184922842
70,8.288288288288289,0.7041097297922818,0.012643919697144672,0.012643919697144672
71,8.408408408408409,0.6991521189174943,0.0118276858668279,0.0118276858668279
72,8.528528528528529,0.6942294113080593,0.011064144372567659,0.011064144372567659
73,8.64864864864865,0.6893413618933816,0.010349893637296215,0.010349893637296215
74,8.76876876876877,0.6844877271825933,0.0096817516742585,0.0096817516742585
75,8.88888888888889,0.67966826528457,0.009056741911262274,0.009056741911262274
76,9.00900900900901,0.6748827359211561,0.008472079930050115,0.008472079930050115
77,9.12912912912913,0.6701309004350682,0.007925161061717197,0.007925161061717197
78,9.24924924924925,0.6654125217936284,0.007413548782912271,0.007413548782912271
79,9.36936936936937,0.6607273645892375,0.006934963861127041,0.006934963861127041
80,9.48948948948949,0.6560751950373004,0.006487274200716243,0.006487274200716243
81,9.60960960960961,0.6514557809721662,0.0060684853444123305,0.0060684853444123305
82,9.72972972972973,0.6468688918415224,0.005676731588019093,0.005676731588019093
83,9.84984984984985,0.6423142986995928,0.005310267668700196,0.005310267668700196
84,9.96996996996997,0.6377917741994086,0.004967460989833892,0.004967460989833892
85,10.09009009009009,0.6333010925843701,0.004646784347795672,0.004646784347795672
86,10.21021021021021,0.6288420296792646,0.004346809128266731,0.004346809128266731
87,10.33033033033033,0.6244143628808748,0.004066198941757697,0.004066198941757697
88,10.45045045045045,0.6200178711482819,0.0038037036699939573,0.0038037036699939573
89,10.57057057057057,0.615652334992943,0.0035581538966392395,0.0035581538966392395
90,10.69069069069069,0.6113175364686083,0.003328455697546262,0.003328455697546262
91,10.81081081081081,0.6070132591611295,0.003113585767325067,0.003113585767325067
92,10.93093093093093,0.6027392881781956,0.0029125868605179134,0.0029125868605179134
93,11.05105105105105,0.5984954101390307,0.0027245635270711126,0.0027245635270711126
94,11.17117117117117,0.5942814131640759,0.0025486781231053757,0.0025486781231053757
95,11.29129129129129,0.5900970868646731,0.0023841470792126617,0.0023841470792126617
96,11.411411411411411,0.5859422223327693,0.002230237409654753,0.002230237409654753
97,11.531531531531531,0.581816612130649,0.0020862634469120647,0.0020862634469120647
98,11.651651651651651,0.5777200502807055,0.0019515837870351153,0.0019515837870351153
99,11.771771771771771,0.573652332255258,0.0018255984321901703,0.0018255984321901703
100,11.891891891891891,0.5696132549664202,0.0017077461176691138,0.0017077461176691138
101,12.012012012012011,0.5656026167560211,0.0015975018114553975,0.0015975018114553975
102,12.132132132132131,0.5616202173855879,0.0014943743752065999,0.0014943743752065999
103,12.252252252252251,0.5576658580263859,0.0013979043762332936,0.0013979043762332936
104,12.372372372372372,0.5537393412495227,0.0013076620407265955,0.0013076620407265955
105,12.492492492492492,0.5498404710161148,0.0012232453391160072,0.0012232453391160072
106,12.612612612612612,0.5459690526675184,0.0011442781950278275,0.0011442781950278275
107,12.732732732732732,0.5421248929156254,0.0010704088098650567,0.0010704088098650567
108,12.852852852852854,0.5383077998332257,0.0010013080955447752,0.0010013080955447752
109,12.972972972972974,0.534517582844433,0.0009366682084108615,0.0009366682084108615
110,13.093093093093094,0.5307540527151767,0.0008762011777906181,0.0008762011777906181
111,13.213213213213214,0.5270170215437612,0.0008196376230855371,0.0008196376230855371
112,13.333333333333334,0.5233063027514874,0.0007667255536808315,0.0007667255536808315
113,13.453453453453454,0.5196217110733417,0.0007172292463273469,0.0007172292463273469
114,13.573573573573574,0.515963062548749,0.0006709281949945724,0.0006709281949945724
115,13.693693693693694,0.5123301745123902,0.0006276161285163578,0.0006276161285163578
116,13.813813813813814,0.5087228655850833,0.0005871000916529492,0.0005871000916529492
117,13.933933933933934,0.5051409556647302,0.0005491995854754681,0.0005491995854754681
118,14.054054054054054,0.5015842659173249,0.0005137457632432487,0.0005137457632432487
119,14.174174174174174,0.49805261876802603,0.0004805806781916767,0.0004805806781916767
120,14.294294294294295,0.4945458378922917,0.00044955657987941016,0.00044955657987941016
121,14.414414414414415,0.49106374820707643,0.00042053525596021855,0.00042053525596021855
122,14.534534534534535,0.4876061758620905,0.00039338741644703623,0.00039338741644703623
123,14.654654654654655,0.48417294823112017,0.00036799211772511447,0.00036799211772511447
124,14.774774774774775,0.4807638939034095,0.00034423622374826605,0.00034423622374826605
125,14.894894894894895,0.47737884267510233,0.00032201390201782383,0.00032201390201782383
126,15.015015015015015,0.47401762554074467,0.0003012261520988956,0.0003012261520988956
127,15.135135135135135,0.47068007468484685,0.00028178036457346617,0.00028178036457346617
128,15.255255255255255,0.46736602347350525,0.00026358990846547673,0.00026358990846547673
129,15.375375375375375,0.4640753064460828,0.00024657374529985594,0.00024657374529985594
130,15.495495495495495,0.46080775930694784,0.00023065606807614607,0.00023065606807614607
131,15.615615615615615,0.45756321891727186,0.00021576596354834585,0.00021576596354834585
132,15.735735735735735,0.454341523286884,0.0002018370963064237,0.0002018370963064237
133,15.855855855855856,0.4511425115661836,0.00018880741325209255,0.00018880741325209255
134,15.975975975975976,0.4479660240381097,0.00017661886715228164,0.00017661886715228164
135,16.096096096096097,0.4448119021101663,0.00016521715803873252,0.00016521715803873252
136,16.216216216216218,0.44167998830650523,0.00015455149130166377,0.00015455149130166377
137,16.336336336336338,0.43857012626006286,0.0001445743513998015,0.0001445743513998015
138,16.456456456456458,0.43548216070475376,0.0001352412901786619,0.0001352412901786619
139,16.576576576576578,0.43241593746771884,0.00012651072885404052,0.00012651072885404052
140,16.696696696696698,0.4293713034616274,0.00011834377277854297,0.00011834377277854297
141,16.816816816816818,0.4263481066770344,0.0001107040381659463,0.0001107040381659463
142,16.936936936936938,0.42334619617479097,0.00010355749000144561,0.00010355749000144561
143,17.057057057057058,0.42036542207850863,9.687229041567491e-05,9.687229041567491e-05
144,17.177177177177178,0.4174056355670759,9.06186568470117e-05,9.06186568470117e-05
145,17.2972972972973,0.41446668886722887,8.476872936027671e-05,8.476872936027671e-05
146,17.41741741741742,0.4115484352461727,7.929644653073227e-05,7.929644653073227e-05
147,17.53753753753754,0.4086507290042557,7.417742934044547e-05,7.417742934044547e-05
148,17.65765765765766,0.4057734254676959,6.938887256977287e-05,6.938887256977287e-05
149,17.77777777777778,0.40291638098135624,6.490944320011486e-05,6.490944320011486e-05
150,17.8978978978979,0.40007945290157404,6.0719185375326254e-05,6.0719185375326254e-05
151,18.01801801801802,0.3972624995890383,5.6799431498385054e-05,5.6799431498385054e-05
152,18.13813813813814,0.394465380401718,5.3132719067254144e-05,5.3132719067254144e-05
153,18.25825825825826,0.39168795568784087,4.970271287944166e-05,4.970271287944166e-05
154,18.37837837837838,0.3889300867789201,4.649413225868033e-05,4.649413225868033e-05
155,18.4984984984985,0.38619163598283224,4.349268297951995e-05,4.349268297951995e-05
156,18.61861861861862,0.3834724665769415,4.068499358655868e-05,4.068499358655868e-05
157,18.73873873873874,0.3807724428012742,3.805855582461458e-05,3.805855582461458e-05
158,18.85885885885886,0.37809142985174066,3.560166891445296e-05,3.560166891445296e-05
159,18.97897897897898,0.3754292938734046,3.330338742581963e-05,3.330338742581963e-05
160,19.0990990990991,0.3727859019538005,3.1153472515553436e-05,3.1153472515553436e-05
161,19.21921921921922,0.37016112211629715,2.914234631354343e-05,2.914234631354343e-05
162,19.33933933933934,0.3675548233135091,2.7261049253321398e-05,2.7261049253321398e-05
163,19.45945945945946,0.36496687542075334,2.5501200157196775e-05,2.5501200157196775e-05
164,19.57957957957958,0.36239714922955274,2.385495889811288e-05,2.385495889811288e-05
165,19.6996996996997,0.35984551644118545,2.2314991471884035e-05,2.2314991471884035e-05
166,19.81981981981982,0.3573118496602784,2.0874437324209795e-05,2.0874437324209795e-05
167,19.93993993993994,0.35479602238844776,1.95268787869079e-05,1.95268787869079e-05
168,20.06006006006006,0.352297909017983,1.8266312487205072e-05,1.8266312487205072e-05
169,20.18018018018018,0.34981738482557506,1.7087122602713695e-05,1.7087122602713695e-05
170,20.3003003003003,0.3473543259660904,1.598405584294499e-05,1.598405584294499e-05
171,20.42042042042042,0.34490860946638663,1.4952198045901986e-05,1.4952198045901986e-05
172,20.54054054054054,0.3424801132191737,1.3986952285489774e-05,1.3986952285489774e-05
173,20.66066066066066,0.340068715976917,1.308401839221131e-05,1.308401839221131e-05
174,20.78078078078078,0.33767429734578414,1.2239373795914041e-05,1.2239373795914041e-05
175,20.9009009009009,0.33529673777963354,1.1449255605241449e-05,1.1449255605241449e-05
176,21.02102102102102,0.3329359185740465,1.071014384395335e-05,1.071014384395335e-05
177,21.14114114114114,0.33059172186040015,1.0018745769433158e-05,1.0018745769433158e-05
178,21.26126126126126,0.32826403059998266,9.371981203520818e-06,9.371981203520818e-06
179,21.38138138138138,0.3259527285781503,8.766968810320158e-06,8.766968810320158e-06
180,21.5015015015015,0.32365770039852465,8.201013259848623e-06,8.201013259848623e-06
181,21.62162162162162,0.3213788314772315,7.671593220343275e-06,7.671593220343275e-06
182,21.74174174174174,0.31911600803718,7.176350125728639e-06,7.176350125728639e-06
183,21.86186186186186,0.3168691171023818,6.713077668205786e-06,6.713077668205786e-06
184,21.98198198198198,0.3146380464923111,6.279711969151962e-06,6.279711969151962e-06
185,22.1021021021021,0.3124226848163033,5.874322384542022e-06,5.874322384542022e-06
186,22.22222222222222,0.3102229214679937,5.495102903930077e-06,5.495102903930077e-06
187,22.34234234234234,0.3080386466197955,5.140364104673665e-06,5.140364104673665e-06
188,22.46246246246246,0.30586975121741605,4.808525625556459e-06,4.808525625556459e-06
189,22.58258258258258,0.3037161269744126,4.498109126279681e-06,4.498109126279681e-06
190,22.7027027027027,0.30157766636678524,4.207731701456652e-06,4.207731701456652e-06
191,22.822822822822822,0.29945426262760905,3.936099719769769e-06,3.936099719769769e-06
192,22.942942942942942,0.29734580974170355,3.682003060843501e-06,3.682003060843501e-06
193,23.063063063063062,0.2952522024403393,3.444309724158595e-06,3.444309724158595e-06
194,23.183183183183182,0.2931733361959825,3.221960785990147e-06,3.221960785990147e-06
195,23.303303303303302,0.29110910721707606,3.013965681902836e-06,3.013965681902836e-06
196,23.423423423423422,0.28905941244285766,2.8193977937867505e-06,2.8193977937867505e-06
197,23.543543543543542,0.2870241495382144,2.6373903217740266e-06,2.6373903217740266e-06
198,23.663663663663662,0.28500321688857294,2.467132422645787e-06,2.467132422645787e-06
199,23.783783783783782,0.28299651359482714,2.307865597525915e-06,2.307865597525915e-06
200,23.903903903903903,0.2810039394682994,2.1588803127688268e-06,2.1588803127688268e-06
201,24.024024024024023,0.27902539502573936,2.0195128389873593e-06,2.0195128389873593e-06
202,24.144144144144143,0.27706078148435676,1.8891422941386146e-06,1.8891422941386146e-06
203,24.264264264264263,0.2751100007568893,1.7671878774946702e-06,1.7671878774946702e-06
204,24.384384384384383,0.2731729554467056,1.6531062821755698e-06,1.6531062821755698e-06
205,24.504504504504503,0.2712495488429425,1.5463892747173863e-06,1.5463892747173863e-06
206,24.624624624624623,0.26933968491567667,1.4465614308923127e-06,1.4465614308923127e-06
207,24.744744744744743,0.26744326831112974,1.3531780176939199e-06,1.3531780176939199e-06
208,24.864864864864863,0.26556020434690814,1.265823012051787e-06,1.265823012051787e-06
209,24.984984984984983,0.2636903990072754,1.1841072474488645e-06,1.1841072474488645e-06
210,25.105105105105103,0.26183375893845834,1.1076666801847976e-06,1.1076666801847976e-06
211,25.225225225225223,0.2599901914439866,1.0361607675613838e-06,1.0361607675613838e-06
212,25.345345345345343,0.2581596044800638,9.692709507649693e-07,9.692709507649693e-07
213,25.465465465465464,0.2563419066509729,9.066992356870617e-07,9.066992356870617e-07
214,25.585585585585584,0.2545370072045126,8.481668653606938e-07,8.481668653606938e-07
215,25.705705705705707,0.2527448160274662,7.934130780982298e-07,7.934130780982298e-07
216,25.825825825825827,0.2509652436411033,7.421939457981573e-07,7.421939457981573e-07
217,25.945945945945947,0.2491982011967114,6.942812872454819e-07,6.942812872454819e-07
218,26.066066066066067,0.24744360047116068,6.494616515644988e-07,6.494616515644988e-07
219,26.186186186186188,0.24570135386249886,6.075353672952253e-07,6.075353672952253e-07
220,26.306306306306308,0.2439713743855778,5.683156528571253e-07,5.683156528571253e-07
221,26.426426426426428,0.24225357566771055,5.316277844372319e-07,5.316277844372319e-07
222,26.546546546546548,0.2405478719443586,4.973083175956306e-07,4.973083175956306e-07
223,26.666666666666668,0.23885417805485062,4.652043591205437e-07,4.652043591205437e-07
224,26.786786786786788,0.23717240943812992,4.351728858891244e-07,4.351728858891244e-07
225,26.906906906906908,0.2355024821285332,4.0708010769950165e-07,4.0708010769950165e-07
226,27.027027027027028,0.23384431275159803,3.808008712354833e-07,3.808008712354833e-07
227,27.147147147147148,0.23219781851990012,3.5621810250857573e-07,3.5621810250857573e-07
228,27.26726726726727,0.23056291722892047,3.332222852934118e-07,3.332222852934118e-07
229,27.38738738738739,0.22893952725294056,3.117109732330095e-07,3.117109732330095e-07
230,27.50750750750751,0.22732756754096747,2.9158833344028753e-07,2.9158833344028753e-07
231,27.62762762762763,0.2257269576126871,2.72764719562591e-07,2.72764719562591e-07
232,27.74774774774775,0.22413761755444586,2.5515627240722596e-07,2.5515627240722596e-07
233,27.86786786786787,0.22255946801526122,2.386845463487847e-07,2.386845463487847e-07
234,27.98798798798799,0.22099243020285936,2.2327615985391574e-07,2.2327615985391574e-07
235,28.10810810810811,0.21943642587974196,2.0886246856662175e-07,2.0886246856662175e-07
236,28.22822822822823,0.2178913773592796,1.9537925949767718e-07,1.9537925949767718e-07
237,28.34834834834835,0.21635720750183324,1.8276646495578687e-07,1.8276646495578687e-07
238,28.46846846846847,0.21483383971090292,1.7096789494604497e-07,1.7096789494604497e-07
239,28.58858858858859,0.2133211979293033,1.5993098684352693e-07,1.5993098684352693e-07
240,28.70870870870871,0.2118192066353668,1.4960657122681634e-07,1.4960657122681634e-07
241,28.82882882882883,0.21032779083917238,1.3994865282825194e-07,1.3994865282825194e-07
242,28.94894894894895,0.2088468760788022,1.309142056250268e-07,1.309142056250268e-07
243,29.06906906906907,0.2073763884166236,1.224629811582718e-07,1.224629811582718e-07
244,29.18918918918919,0.20591625443559744,1.1455732922618928e-07,1.1455732922618928e-07
245,29.30930930930931,0.20446640123561313,1.0716203015241676e-07,1.0716203015241676e-07
246,29.42942942942943,0.20302675642984838,1.0024413788238104e-07,1.0024413788238104e-07
247,29.54954954954955,0.20159724814115562,9.377283320863992e-08,9.377283320863992e-08
248,29.66966966966967,0.20017780499847304,8.771928647132351e-08,8.771928647132351e-08
249,29.78978978978979,0.1987683561332614,8.20565291220094e-08,8.20565291220094e-08
250,29.90990990990991,0.1973688311759659,7.675933357885172e-08,7.675933357885172e-08
251,30.03003003003003,0.19597916025250248,7.18041008377125e-08,7.18041008377125e-08
252,30.15015015015015,0.19459927398076962,6.716875533860639e-08,6.716875533860639e-08
253,30.27027027027027,0.19322910346718403,6.2832646619091e-08,6.2832646619091e-08
254,30.39039039039039,0.19186858030324105,5.8776457316463546e-08,5.8776457316463546e-08
255,30.51051051051051,0.1905176365620994,5.498211710891683e-08,5.498211710891683e-08
256,30.63063063063063,0.18917620479518948,5.143272221226372e-08,5.143272221226372e-08
257,30.75075075075075,0.1878442180288462,4.811246007358427e-08,4.811246007358427e-08
258,30.87087087087087,0.18652160976096482,4.500653892630797e-08,4.500653892630797e-08
259,30.99099099099099,0.18520831395768114,4.210112189290039e-08,4.210112189290039e-08
260,31.11111111111111,0.18390426505007423,3.938326534157838e-08,3.938326534157838e-08
261,31.23123123123123,0.18260939793089295,3.684086122243501e-08,3.684086122243501e-08
262,31.35135135135135,0.1813236479513054,3.4462583126082666e-08,3.4462583126082666e-08
263,31.47147147147147,0.180046950917671,3.223783582450309e-08,3.223783582450309e-08
264,31.59159159159159,0.17877924308833568,3.015670806931021e-08,3.015670806931021e-08
265,31.71171171171171,0.17752046117044942,2.8209928437143076e-08,2.8209928437143076e-08
266,31.83183183183183,0.17627054231680606,2.63888240254779e-08,2.63888240254779e-08
267,31.95195195195195,0.1750294241227058,2.4685281814850327e-08,2.4685281814850327e-08
268,32.072072072072075,0.1737970446228393,2.30917125253574e-08,2.30917125253574e-08
269,32.192192192192195,0.17257334228819407,2.1601016806418046e-08,2.1601016806418046e-08
270,32.312312312312315,0.17135825602298235,2.0206553609169135e-08,2.0206553609169135e-08
271,32.432432432432435,0.17015172516159102,1.890211060059497e-08,1.890211060059497e-08
272,32.552552552552555,0.16895368946555256,1.7681876487586548e-08,1.7681876487586548e-08
273,32.672672672672675,0.1677640891205375,1.654041512763268e-08,1.654041512763268e-08
274,32.792792792792795,0.1665828647333683,1.5472641310807024e-08,1.5472641310807024e-08
275,32.912912912912915,0.16540995732905373,1.4473798105160146e-08,1.4473798105160146e-08
276,33.033033033033036,0.16424530834784468,1.3539435664589288e-08,1.3539435664589288e-08
277,33.153153153153156,0.16308885964231032,1.2665391404775534e-08,1.2665391404775534e-08
278,33.273273273273276,0.16194055347443487,1.1847771458872541e-08,1.1847771458872541e-08
279,33.393393393393396,0.16080033251273523,1.1082933330331063e-08,1.1082933330331063e-08
280,33.513513513513516,0.1596681398293983,1.0367469665578074e-08,1.0367469665578074e-08
281,33.633633633633636,0.1585439188974388,9.69819307425815e-09,9.69819307425815e-09
282,33.753753753753756,0.15742761358787713,9.072121929410509e-09,9.072121929410509e-09
283,33.873873873873876,0.15631916816693697,8.486467084321935e-09,8.486467084321935e-09
284,33.993993993993996,0.15521852729326274,7.938619446879436e-09,7.938619446879436e-09
285,34.114114114114116,0.1541256360151564,7.426138356065749e-09,7.426138356065749e-09
286,34.234234234234236,0.15304043976783394,6.946740708815367e-09,6.946740708815367e-09
287,34.354354354354356,0.15196288437070138,6.498290788791409e-09,6.498290788791409e-09
288,34.474474474474476,0.15089291602464924,6.078790751770057e-09,6.078790751770057e-09
289,34.5945945945946,0.1498304813093668,5.686371725245237e-09,5.686371725245237e-09
290,34.71471471471472,0.14877552718067505,5.319285482602451e-09,5.319285482602451e-09
291,34.83483483483484,0.14772800096787808,4.975896654769787e-09,4.975896654769787e-09
292,34.95495495495496,0.14668785037113363,4.65467544464929e-09,4.65467544464929e-09
293,35.07507507507508,0.1456550234588418,4.354190811871565e-09,4.354190811871565e-09
294,35.1951951951952,0.14462946866505239,4.0731040975114226e-09,4.0731040975114226e-09
295,35.31531531531532,0.14361113478689008,3.810163060362831e-09,3.810163060362831e-09
296,35.43543543543544,0.14259997098199828,3.564196298204908e-09,3.564196298204908e-09
297,35.55555555555556,0.14159592676600083,3.3341080292054205e-09,3.3341080292054205e-09
298,35.67567567567568,0.1405989520099811,3.1188732102131074e-09,3.1188732102131074e-09
299,35.7957957957958,0.13960899693797932,2.9175329701908986e-09,2.9175329701908986e-09
300,35.91591591591592,0.1386260121245078,2.7291903384457703e-09,2.7291903384457703e-09
301,36.03603603603604,0.1376499484920827,2.553006248624621e-09,2.553006248624621e-09
302,36.15615615615616,0.13668075730877405,2.3881958006740426e-09,2.3881958006740426e-09
303,36.27627627627628,0.1357183901857726,2.2340247641108525e-09,2.2340247641108525e-09
304,36.3963963963964,0.13476279907497418,2.089806307025544e-09,2.089806307025544e-09
305,36.51651651651652,0.1338139362665804,1.9548979362464387e-09,1.9548979362464387e-09
306,36.63663663663664,0.13287175438671675,1.8286986350328237e-09,1.8286986350328237e-09
307,36.75675675675676,0.13193620639506773,1.710646185545582e-09,1.710646185545582e-09
308,36.87687687687688,0.13100724558252777,1.6002146641669716e-09,1.6002146641669716e-09
309,36.996996996997,0.13008482556886944,1.4969120985110869e-09,1.4969120985110869e-09
310,37.11711711711712,0.1291689003004277,1.4002782756870493e-09,1.4002782756870493e-09
311,37.23723723723724,0.1282594240478009,1.3098826920507876e-09,1.3098826920507876e-09
312,37.35735735735736,0.12735635140356724,1.2253226353114473e-09,1.2253226353114473e-09
313,37.47747747747748,0.1264596372800178,1.1462213904482758e-09,1.1462213904482758e-09
314,37.5975975975976,0.12556923690690577,1.0722265614453756e-09,1.0722265614453756e-09
315,37.71771771771772,0.12468510582921076,1.0030085013675702e-09,1.0030085013675702e-09
316,37.83783783783784,0.12380719990491951,9.38258843783425e-10,9.38258843783425e-10
317,37.95795795795796,0.12293547530282219,8.776891289929327e-10,8.776891289929327e-10
318,38.07807807807808,0.12206988850032362,8.21029518939648e-10,8.21029518939648e-10
319,38.1981981981982,0.12121039628127067,7.68027595082239e-10,7.68027595082239e-10
320,38.31831831831832,0.12035695573379442,7.184472338700011e-10,7.184472338700011e-10
321,38.43843843843844,0.11950952424816787,6.720675548125165e-10,6.720675548125165e-10
322,38.55855855855856,0.11866805951467835,6.286819364571474e-10,6.286819364571474e-10
323,38.67867867867868,0.11783251952151522,5.88097095890557e-10,5.88097095890557e-10
324,38.7987987987988,0.1170028625526725,5.501322276633962e-10,5.501322276633962e-10
325,38.91891891891892,0.11617904718586584,5.146181983020897e-10,5.146181983020897e-10
326,39.03903903903904,0.11536103229046457,4.813967928192872e-10,4.813967928192872e-10
327,39.15915915915916,0.11454877702543816,4.5032000986614847e-10,4.5032000986614847e-10
328,39.27927927927928,0.11374224083731725,4.212494023863854e-10,4.212494023863854e-10
329,39.3993993993994,0.11294138345816875,3.9405546083468906e-10,3.9405546083468906e-10
330,39.51951951951952,0.1121461649035854,3.6861703621174866e-10,3.6861703621174866e-10
331,39.63963963963964,0.11135654547068975,3.4482080034550207e-10,3.4482080034550207e-10
332,39.75975975975976,0.11057248573615154,3.225607410141804e-10,3.225607410141804e-10
333,39.87987987987988,0.10979394655421955,3.017376896618955e-10,3.017376896618955e-10
334,40.0,0.10902088905476737,2.822588796027582e-10,2.822588796027582e-10
335,40.12012012012012,0.10825327464135238,2.6403753274533466e-10,2.6403753274533466e-10
336,40.24024024024024,0.10749106498928905,2.4699247299627796e-10,2.4699247299627796e-10
337,40.36036036036036,0.1067342220437352,2.3104776462086067e-10,2.3104776462086067e-10
338,40.48048048048048,0.10598270801779246,2.1613237394931096e-10,2.1613237394931096e-10
339,40.6006006006006,0.10523648539061925,2.0217985292183754e-10,2.0217985292183754e-10
340,40.72072072072072,0.10449551690555767,1.8912804306254668e-10,1.8912804306254668e-10
341,40.84084084084084,0.10375976556827349,1.769187985634598e-10,1.769187985634598e-10
342,40.96096096096096,0.10302919464490894,1.6549772724495882e-10,1.6549772724495882e-10
343,41.08108108108108,0.10230376766024879,1.5481394823864482e-10,1.5481394823864482e-10
344,41.2012012012012,0.10158344839589921,1.448198653130921e-10,1.448198653130921e-10
345,41.32132132132132,0.10086820088847963,1.3547095483265352e-10,1.3547095483265352e-10
346,41.44144144144144,0.10015798942782701,1.26725567404679e-10,1.26725567404679e-10
347,41.56156156156156,0.09945277855521299,1.1854474233149004e-10,1.1854474233149004e-10
348,41.68168168168168,0.09875253306157371,1.1089203404048486e-10,1.1089203404048486e-10
349,41.8018018018018,0.09805721798575166,1.037333497191249e-10,1.037333497191249e-10
350,41.92192192192192,0.09736679861275031,9.703679743147059e-11,9.703679743147059e-11
351,42.04204204204204,0.09668124047200104,9.077254403961733e-11,9.077254403961733e-11
352,42.16216216216216,0.09600050933564179,8.491268229707656e-11,8.491268229707656e-11
353,42.28228228228228,0.09532457121680846,7.943110652200529e-11,7.943110652200529e-11
354,42.4024024024024,0.09465339236793785,7.430339629640217e-11,7.430339629640217e-11
355,42.52252252252252,0.09398693927908301,6.950670767315394e-11,6.950670767315394e-11
356,42.64264264264264,0.09332517867623984,6.501967140626122e-11,6.501967140626122e-11
357,42.76276276276276,0.092668077519686,6.082229775085488e-11,6.082229775085488e-11
358,42.88288288288288,0.09201560300233151,5.6895887408889545e-11,5.6895887408889545e-11
359,43.003003003003,0.09136772254808043,5.322294822377927e-11,5.322294822377927e-11
360,43.12312312312312,0.09072440381020466,4.978711725284585e-11,4.978711725284585e-11
361,43.24324324324324,0.0900856146697289,4.657308787041484e-11,4.657308787041484e-11
362,43.36336336336336,0.08945132323382719,4.3566541576805156e-11,4.3566541576805156e-11
363,43.48348348348348,0.08882149783423028,4.075408420941776e-11,4.075408420941776e-11
364,43.6036036036036,0.08819610702564483,3.812318627174596e-11,3.812318627174596e-11
365,43.72372372372372,0.08757511958418338,3.566212711447415e-11,3.566212711447415e-11
366,43.84384384384384,0.08695850450580524,3.335994271998902e-11,3.335994271998902e-11
367,43.96396396396396,0.08634623100476878,3.1206376857684923e-11,3.1206376857684923e-11
368,44.08408408408408,0.08573826851209433,2.9191835392461184e-11,2.9191835392461184e-11
369,44.2042042042042,0.08513458667403792,2.7307343542853405e-11,2.7307343542853405e-11
370,44.32432432432432,0.08453515535057578,2.5544505898385214e-11,2.5544505898385214e-11
371,44.44444444444444,0.0839399446138996,2.3895469018018354e-11,2.3895469018018354e-11
372,44.56456456456456,0.08334892474692242,2.23528864430755e-11,2.23528864430755e-11
373,44.68468468468468,0.08276206624179469,2.090988596876943e-11,2.090988596876943e-11
374,44.8048048048048,0.0821793397984312,1.9560039028533794e-11,1.9560039028533794e-11
375,44.92492492492492,0.0816007163230483,1.8297332054761216e-11,1.8297332054761216e-11
376,45.04504504504504,0.08102616692671114,1.71161396883617e-11,1.71161396883617e-11
377,45.16516516516516,0.08045566292389139,1.6011199717790428e-11,1.6011199717790428e-11
378,45.28528528528528,0.07988917583103514,1.49775896358971e-11,1.49775896358971e-11
379,45.4054054054054,0.07932667736514079,1.4010704710158288e-11,1.4010704710158288e-11
380,45.525525525525524,0.07876813944234683,1.3106237468596132e-11,1.3106237468596132e-11
381,45.645645645645644,0.07821353417652978,1.2260158509992112e-11,1.2260158509992112e-11
382,45.765765765765764,0.07766283387791206,1.1468698552906049e-11,1.1468698552906049e-11
383,45.885885885885884,0.0771160110516793,1.0728331643528964e-11,1.0728331643528964e-11
384,46.006006006006004,0.07657303839660762,1.0035759447560064e-11,1.0035759447560064e-11
385,46.126126126126124,0.07603388880370082,9.38789655612857e-12,9.38789655612857e-12
386,46.246246246246244,0.07549853535483661,8.781856740298595e-12,8.781856740298595e-12
387,46.366366366366364,0.07496695132142281,8.214940092920208e-12,8.214940092920208e-12
388,46.486486486486484,0.0744391101630628,7.684621000544021e-12,7.684621000544021e-12
389,46.606606606606604,0.07391498552623062,7.188536891814407e-12,7.188536891814407e-12
390,46.726726726726724,0.07339455124295496,6.724477712214911e-12,6.724477712214911e-12
391,46.846846846846844,0.0728777813295128,6.290376078276148e-12,6.290376078276148e-12
392,46.966966966966964,0.07236464998513222,5.88429806738338e-12,5.88429806738338e-12
393,47.087087087087085,0.07185513159070404,5.5044346021519165e-12,5.5044346021519165e-12
394,47.207207207207205,0.07134920070750289,5.149093390988e-12,5.149093390988e-12
395,47.327327327327325,0.07084683207591701,4.816691388930515e-12,4.816691388930515e-12
396,47.447447447447445,0.07034800061418728,4.505747745186221e-12,4.505747745186221e-12
397,47.567567567567565,0.0698526814171548,4.2148772059399875e-12,4.2148772059399875e-12
398,47.687687687687685,0.06936084975501747,3.942783943049667e-12,3.942783943049667e-12
399,47.807807807807805,0.06887248107209547,3.688255781132162e-12,3.688255781132162e-12
400,47.927927927927925,0.06838755098560505,3.4501587973225157e-12,3.4501587973225157e-12
401,48.048048048048045,0.06790603528444127,3.2274322696480593e-12,3.2274322696480593e-12
402,48.168168168168165,0.06742790992796929,3.0190839515123797e-12,3.0190839515123797e-12
403,48.288288288288285,0.06695315104482392,2.8241856512370803e-12,2.8241856512370803e-12
404,48.408408408408405,0.06648173493171795,2.6418690969682714e-12,2.6418690969682714e-12
405,48.528528528528525,0.06601363805225857,2.4713220685257543e-12,2.4713220685257543e-12
406,48.648648648648646,0.0655488370357725,2.3117847789624e-12,2.3117847789624e-12
407,48.768768768768766,0.06508730867613885,2.1625464897136443e-12,2.1625464897136443e-12
408,48.888888888888886,0.06462902993063074,2.0229423442574214e-12,2.0229423442574214e-12
409,49.009009009009006,0.06417397791876486,1.892350406178589e-12,1.892350406178589e-12
410,49.129129129129126,0.0637221299211589,1.770188888442481e-12,1.770188888442481e-12
411,49.249249249249246,0.06327346337839744,1.6559135615338615e-12,1.6559135615338615e-12
412,49.369369369369366,0.06282795588990553,1.5490153289146275e-12,1.5490153289146275e-12
413,49.489489489489486,0.06238558521283038,1.449017958998958e-12,1.449017958998958e-12
414,49.609609609609606,0.061946329260930744,1.3554759635417614e-12,1.3554759635417614e-12
415,49.729729729729726,0.06151016610347424,1.2679726129886987e-12,1.2679726129886987e-12
416,49.849849849849846,0.06107707396414252,1.186118079946207e-12,1.186118079946207e-12
417,49.969969969969966,0.060647031219943866,1.1095477025005908e-12,1.1095477025005908e-12
418,50.09009009009009,0.060220016400133754,1.0379203596493259e-12,1.0379203596493259e-12
419,50.21021021021021,0.0597960081851429,9.709169516071458e-13,9.709169516071458e-13
420,50.33033033033033,0.059374985405512684,9.082389782166062e-13,9.082389782166062e-13
421,50.45045045045045,0.058956927040838374,8.496072091299872e-13,8.496072091299872e-13
422,50.57057057057057,0.05854181221871956,7.947604398382204e-13,7.947604398382204e-13
423,50.69069069069069,0.05812962021371814,7.434543280048888e-13,7.434543280048888e-13
424,50.81081081081081,0.057720330446323444,6.954603049212039e-13,6.954603049212039e-13
425,50.93093093093093,0.05731392248192483,6.505645572325102e-13,6.505645572325102e-13
426,51.05105105105105,0.05691037602979149,6.085670743998629e-13,6.085670743998629e-13
427,51.17117117117117,0.05650967094205928,5.69280757653146e-13,5.69280757653146e-13
428,51.291291291291294,0.05611178721272486,5.325305864661348e-13,5.325305864661348e-13
429,51.411411411411414,0.0557167049766469,4.981528388401171e-13,4.981528388401171e-13
430,51.531531531531535,0.055324404508554234,4.659943619224354e-13,4.659943619224354e-13
431,51.651651651651655,0.05493486622206097,4.359118897106047e-13,4.359118897106047e-13
432,51.771771771771775,0.054548070668688664,4.077714048023175e-13,4.077714048023175e-13
433,51.891891891891895,0.05416399853689538,3.8144754134796373e-13,3.8144754134796373e-13
434,52.012012012012015,0.05378263065111138,3.5682302654582696e-13,3.5682302654582696e-13
435,52.132132132132135,0.053403947970781865,3.337881581917924e-13,3.337881581917924e-13
436,52.252252252252255,0.053027931589416225,3.1224031595606573e-13,3.1224031595606573e-13
437,52.372372372372375,0.05265456273364427,2.9208350420965013e-13,2.9208350420965013e-13
438,52.492492492492495,0.052283822762278755,2.732279243638514e-13,2.732279243638514e-13
439,52.612612612612615,0.05191569316538471,2.5558957481759686e-13,2.5558957481759686e-13
440,52.732732732732735,0.051550155563355446,2.390898767303402e-13,2.390898767303402e-13
441,52.852852852852855,0.05118719170599471,2.2365532395335337e-13,2.2365532395335337e-13
442,52.972972972972975,0.0508267834716056,2.0921715555985971e-13,2.0921715555985971e-13
443,53.093093093093096,0.050468912866085895,1.9571104951513603e-13,1.9571104951513603e-13
444,53.213213213213216,0.05011356202202948,1.8307683612186975e-13,1.8307683612186975e-13
445,53.333333333333336,0.04976071319783443,1.712582299641782e-13,1.712582299641782e-13
446,53.453453453453456,0.04941034877681709,1.6020257915610634e-13,1.6020257915610634e-13
447,53.573573573573576,0.04906245126633273,1.4986063077749248e-13,1.4986063077749248e-13
448,53.693693693693696,0.04871700329690195,1.4018631145222616e-13,1.4018631145222616e-13
449,53.813813813813816,0.04837398762134364,1.311365220913785e-13,1.311365220913785e-13
450,53.933933933933936,0.04803338711391385,1.2267094588677533e-13,1.2267094588677533e-13
451,54.054054054054056,0.047695184769450685,1.1475186869963082e-13,1.1475186869963082e-13
452,54.174174174174176,0.04735936370252535,1.0734401104407645e-13,1.0734401104407645e-13
453,54.294294294294296,0.04702590714659908,1.0041437091706304e-13,1.0041437091706304e-13
454,54.414414414414416,0.046694798453186116,9.39320767744489e-14,9.39320767744489e-14
455,54.53453453453454,0.04636602109102237,8.78682499982845e-14,8.78682499982845e-14
456,54.65465465465466,0.04603955864524013,8.21958762425792e-14,8.21958762425792e-14
457,54.77477477477478,0.04571539481654858,7.68896850843994e-14,7.68896850843994e-14
458,54.8948948948949,0.0453935134204199,7.192603744414562e-14,7.192603744414562e-14
459,55.01501501501502,0.04507389838628128,6.728282027346094e-14,6.728282027346094e-14
460,55.13513513513514,0.044756533756712624,6.29393480416083e-14,6.29393480416083e-14
461,55.25525525525526,0.04444140368664974,5.887627058144028e-14,5.887627058144028e-14
462,55.37537537537538,0.044128492442593314,5.5075486884411085e-14,5.5075486884411085e-14
463,55.4954954954955,0.04381778440182331,5.152006446058974e-14,5.152006446058974e-14
464,55.61561561561562,0.04350926405161912,4.8194163904425086e-14,4.8194163904425086e-14
465,55.73573573573574,0.04320291598848487,4.5082968330199395e-14,4.5082968330199395e-14
466,55.85585585585586,0.042898724917380525,4.2172617362807626e-14,4.2172617362807626e-14
467,55.97597597597598,0.04259667565095816,3.945014538979264e-14,3.945014538979264e-14
468,56.0960960960961,0.042296753108803764,3.690342379954602e-14,3.690342379954602e-14
469,56.21621621621622,0.041998942316684267,3.4521106948347644e-14,3.4521106948347644e-14
470,56.33633633633634,0.04170322840579993,3.229258161552793e-14,3.229258161552793e-14
471,56.45645645645646,0.04140959661204207,3.0207919721573425e-14,3.0207919721573425e-14
472,56.57657657657658,0.04111803227525579,2.825783409853598e-14,2.825783409853598e-14
473,56.6966966966967,0.04082852083850816,2.6433637115703762e-14,2.6433637115703762e-14
474,56.81681681681682,0.04054104784736141,2.472720197620932e-14,2.472720197620932e-14
475,56.93693693693694,0.0402555989491512,2.31309265121524e-14,2.31309265121524e-14
476,57.05705705705706,0.03997215989227009,2.163769931694538e-14,2.163769931694538e-14
477,57.17717717717718,0.03969071652545604,2.02408680639993e-14,2.02408680639993e-14
478,57.2972972972973,0.039411254797085786,1.8934209870611237e-14,1.8934209870611237e-14
479,57.41741741741742,0.039133760754473314,1.771190357502468e-14,1.771190357502468e-14
480,57.53753753753754,0.038858220543173276,1.6568503803155838e-14,1.6568503803155838e-14
481,57.65765765765766,0.03858462040628929,1.5498916709453974e-14,1.5498916709453974e-14
482,57.77777777777778,0.03831294668378704,1.4498377283822015e-14,1.4498377283822015e-14
483,57.8978978978979,0.0380431858118123,1.356242812349765e-14,1.356242812349765e-14
484,58.01801801801802,0.037775324322013755,1.268689957532607e-14,1.268689957532607e-14
485,58.13813813813814,0.037509348840870545,1.1867891159957001e-14,1.1867891159957001e-14
486,58.25825825825826,0.03724524608902454,1.1101754195210109e-14,1.1101754195210109e-14
487,58.37837837837838,0.036983002880617365,1.0385075541197575e-14,1.0385075541197575e-14
488,58.4984984984985,0.03672260612263213,9.714662394787395e-15,9.714662394787395e-15
489,58.61861861861862,0.03646404281423962,9.087528065666183e-15,9.087528065666183e-15
490,58.73873873873874,0.03620730004614926,8.500878670635194e-15,8.500878670635194e-15
491,58.85885885885886,0.03595236499996465,7.952100686861904e-15,7.952100686861904e-15
492,58.97897897897898,0.03569922494754346,7.43874930863641e-15,7.43874930863641e-15
493,59.0990990990991,0.035447867250362024,6.9585375557631244e-15,6.9585375557631244e-15
494,59.21921921921922,0.035198279358884366,6.509326085064993e-15,6.509326085064993e-15
495,59.33933933933934,0.034950448811935576,6.0891136596101625e-15,6.0891136596101625e-15
496,59.45945945945946,0.034704363236079686,5.6960282332023634e-15,5.6960282332023634e-15
497,59.57957957957958,0.03446001034500188,5.328318610415927e-15,5.328318610415927e-15
498,59.6996996996997,0.034217377938895156,4.984346645020582e-15,4.984346645020582e-15
499,59.81981981981982,0.033976453903851116,4.662579942040754e-15,4.662579942040754e-15
500,59.93993993993994,0.0337372262112552,4.361585030936615e-15,4.361585030936615e-15
501,60.06006006006006,0.0334996829171862,4.080020979493177e-15,4.080020979493177e-15
502,60.18018018018018,0.033263812161819804,3.816633419967884e-15,3.816633419967884e-15
503,60.3003003003003,0.03302960216883659,3.570248960882876e-15,3.570248960882876e-15
504,60.42042042042042,0.03279704124483398,3.3397699595662285e-15,3.3397699595662285e-15
505,60.54054054054054,0.032566117778742514,3.1241696321543568e-15,3.1241696321543568e-15
506,60.66066066066066,0.03233682024124606,2.922487479270354e-15,2.922487479270354e-15
507,60.78078078078078,0.032109137184206216,2.7338250069994924e-15,2.7338250069994924e-15
508,60.9009009009009,0.031883057240090794,2.5573417240992513e-15,2.5573417240992513e-15
509,61.02102102102102,0.03165856912140618,2.3922513976111978e-15,2.3922513976111978e-15
510,61.14114114114114,0.03143566162013385,2.2378185501933423e-15,2.2378185501933423e-15
511,61.26126126126126,0.031214323607170767,2.093355183568921e-15,2.093355183568921e-15
512,61.38138138138138,0.03099454403177374,1.958217713494374e-15,1.958217713494374e-15
513,61.5015015015015,0.030776311921007674,1.831804102591692e-15,1.831804102591692e-15
514,61.62162162162162,0.030559616379197754,1.7135511782721759e-15,1.7135511782721759e-15
515,61.74174174174174,0.03034444658738547,1.6029321238028e-15,1.6029321238028e-15
516,61.86186186186186,0.0301307918027884,1.4994541313377917e-15,1.4994541313377917e-15
517,61.98198198198198,0.029918641358263876,1.402656206459906e-15,1.402656206459906e-15
518,62.1021021021021,0.029707984661776477,1.312107114450498e-15,1.312107114450498e-15
519,62.22222222222222,0.029498811195869088,1.2274034591389547e-15,1.2274034591389547e-15
520,62.34234234234234,0.02929111051713787,1.14816788577294e-15,1.14816788577294e-15
521,62.46246246246246,0.02908487225571081,1.0740473999031382e-15,1.0740473999031382e-15
522,62.58258258258258,0.028880086114730058,1.004711794793067e-15,1.004711794793067e-15
523,62.7027027027027,0.028676741869837725,9.39852180348218e-16,9.39852180348218e-16
524,62.82282282282282,0.028474829368665487,8.791796070108213e-16,8.791796070108213e-16
525,62.94294294294294,0.028274338530327712,8.224237784896338e-16,8.224237784896338e-16
526,63.06306306306306,0.02807525934491811,7.693318475900865e-16,7.693318475900865e-16
527,63.18318318318318,0.027877581873009972,7.196672897801442e-16,7.196672897801442e-16
528,63.3033033033033,0.02768129624515999,6.732088494735698e-16,6.732088494735698e-16
529,63.42342342342342,0.02748639266141541,6.297495543363915e-16,6.297495543363915e-16
530,63.54354354354354,0.027292861390824808,5.890957932252439e-16,5.890957932252439e-16
531,63.66366366366366,0.02710069277095224,5.510664536497715e-16,5.510664536497715e-16
532,63.78378378378378,0.026909877207394843,5.154921149165669e-16,5.154921149165669e-16
533,63.9039039039039,0.026720405173303777,4.822142933600567e-16,4.822142933600567e-16
534,64.02402402402403,0.026532267208908576,4.510847362978044e-16,4.510847362978044e-16
535,64.14414414414415,0.026345453921044957,4.2196476156489625e-16,4.2196476156489625e-16
536,64.26426426426427,0.026159955982685692,3.947246396849238e-16,3.947246396849238e-16
537,64.38438438438439,0.025975764132475012,3.692430159252275e-16,3.692430159252275e-16
538,64.50450450450451,0.025792869174266222,3.4540636966161554e-16,3.4540636966161554e-16
539,64.62462462462463,0.025611261976662587,3.231085086440098e-16,3.231085086440098e-16
540,64.74474474474475,0.025430933472561347,3.022500959100208e-16,3.022500959100208e-16
541,64.86486486486487,0.025251874658701098,2.8273820723882404e-16,2.8273820723882404e-16
542,64.98498498498499,0.025074076595212276,2.6448591717377804e-16,2.6448591717377804e-16
543,65.10510510510511,0.02489753040517078,2.4741191176955495e-16,2.4741191176955495e-16
544,65.22522522522523,0.0247222272741548,2.3144012633855003e-16,2.3144012633855003e-16
545,65.34534534534535,0.024548158449804725,2.1649940658271629e-16,2.1649940658271629e-16
546,65.46546546546547,0.024375315241386215,2.0252319160119937e-16,2.0252319160119937e-16
547,65.58558558558559,0.024203689019356215,1.8944921736155372e-16,1.8944921736155372e-16
548,65.70570570570571,0.02403327121493215,1.7721923931349238e-16,1.7721923931349238e-16
549,65.82582582582583,0.023864053319664156,1.657787729094427e-16,1.657787729094427e-16
550,65.94594594594595,0.0236960268850102,1.550768508759106e-16,1.550768508759106e-16
551,66.06606606606607,0.023529183521914285,1.4506579615428916e-16,1.4506579615428916e-16
552,66.18618618618619,0.023363514900387686,1.357010094995847e-16,1.357010094995847e-16
553,66.30630630630631,0.02319901274909296,1.2694077079079983e-16,1.2694077079079983e-16
554,66.42642642642643,0.02303566885493103,1.1874605316780414e-16,1.1874605316780414e-16
555,66.54654654654655,0.02287347506263112,1.1108034916669046e-16,1.1108034916669046e-16
556,66.66666666666667,0.022712423274343616,1.0390950807903916e-16,1.0390950807903916e-16
557,66.78678678678679,0.02255250544923572,9.720158381052014e-17,9.720158381052014e-17
558,66.90690690690691,0.02239371360309,9.092669256105741e-17,9.092669256105741e-17
559,67.02702702702703,0.02223603980790582,8.505687969251281e-17,8.505687969251281e-17
560,67.14714714714715,0.022079476191503435,7.956599519077967e-17,7.956599519077967e-17
561,67.26726726726727,0.021924014937131014,7.442957716748218e-17,7.442957716748218e-17
562,67.38738738738739,0.021769648283074344,6.962474288227324e-17,6.962474288227324e-17
563,67.50750750750751,0.02161636852226935,6.513008680023171e-17,6.513008680023171e-17
564,67.62762762762763,0.021464168001917257,6.092558523021418e-17,6.092558523021418e-17
565,67.74774774774775,0.021313039123102517,5.699250711931975e-17,5.699250711931975e-17
566,67.86786786786787,0.021162974340413466,5.331333060605372e-17,5.331333060605372e-17
567,67.98798798798799,0.02101396616156554,4.987166496044277e-17,4.987166496044277e-17
568,68.10810810810811,0.020866007147027233,4.665217756334011e-17,4.665217756334011e-17
569,68.22822822822823,0.020719089909648714,4.364052559961078e-17,4.364052559961078e-17
570,68.34834834834835,0.020573207114292877,4.0823292160896845e-17,4.0823292160896845e-17
571,68.46846846846847,0.020428351477469273,3.8187926473296584e-17,3.8187926473296584e-17
572,68.58858858858859,0.020284515766970396,3.572268798366967e-17,3.572268798366967e-17
573,68.70870870870871,0.02014169280151055,3.341659405547839e-17,3.341659405547839e-17
574,68.82882882882883,0.019999875450367414,3.1259371041146663e-17,3.1259371041146663e-17
575,68.94894894894895,0.019859056633025972,2.924140851296252e-17,2.924140851296252e-17
576,69.06906906906907,0.019719229318824947,2.73537164486271e-17,2.73537164486271e-17
577,69.1891891891892,0.019580386526605903,2.558788518070921e-17,2.558788518070921e-17
578,69.30930930930931,0.019442521324364644,2.393604793157896e-17,2.393604793157896e-17
579,69.42942942942943,0.019305626828905024,2.2390845766917014e-17,2.2390845766917014e-17
580,69.54954954954955,0.019169696205495464,2.0945394811665434e-17,2.0945394811665434e-17
581,69.66966966966967,0.0190347226675276,1.959325558236593e-17,1.959325558236593e-17
582,69.7897897897898,0.018900699476177438,1.832840429926401e-17,1.832840429926401e-17
583,69.90990990990991,0.018767619940069,1.714520605037285e-17,1.714520605037285e-17
584,70.03003003003003,0.01863547741494013,1.6038389687941674e-17,1.6038389687941674e-17
585,70.15015015015015,0.018504265303310844,1.5003024345494995e-17,1.5003024345494995e-17
586,70.27027027027027,0.018373977054153934,1.4034497470824624e-17,1.4034497470824624e-17
587,70.3903903903904,0.018244606162567824,1.3128494277070656e-17,1.3128494277070656e-17
588,70.51051051051051,0.018116146169451904,1.2280978520348014e-17,1.2280978520348014e-17
589,70.63063063063063,0.017988590661183967,1.148817451828171e-17,1.148817451828171e-17
590,70.75075075075075,0.017861933269300006,1.0746550329342751e-17,1.0746550329342751e-17
591,70.87087087087087,0.0177361676701763,1.0052802018050262e-17,1.0052802018050262e-17
592,70.990990990991,0.01761128758471367,9.403838935940369e-18,9.403838935940369e-18
593,71.11111111111111,0.017487286778023935,8.796769952728011e-18,8.796769952728011e-18
594,71.23123123123123,0.01736415905911871,8.228890576322875e-18,8.228890576322875e-18
595,71.35135135135135,0.017241898280600264,7.697670904318303e-18,7.697670904318303e-18
596,71.47147147147147,0.01712049833835456,7.200744353276672e-18,7.200744353276672e-18
597,71.5915915915916,0.016999953171246567,6.735897115601273e-18,6.735897115601273e-18
598,71.71171171171171,0.016880256760817624,6.3010582970244426e-18,6.3010582970244426e-18
599,71.83183183183183,0.0167614031309849,5.894290690774081e-18,5.894290690774081e-18
600,71.95195195195195,0.016643386347743126,5.513782147318384e-18,5.513782147318384e-18
601,72.07207207207207,0.016526200518868217,5.157837501240468e-18,5.157837501240468e-18
602,72.1921921921922,0.01640983979362319,4.824871019276844e-18,4.824871019276844e-18
603,72.31231231231232,0.01629429836246602,4.513399335876456e-18,4.513399335876456e-18
604,72.43243243243244,0.016179570456759527,4.222034844807804e-18,4.222034844807804e-18
605,72.55255255255256,0.016065650348483455,3.949479517373507e-18,3.949479517373507e-18
606,72.67267267267268,0.015952532349948468,3.694519119693062e-18,3.694519119693062e-18
607,72.7927927927928,0.015840210813512105,3.4560178032914327e-18,3.4560178032914327e-18
608,72.91291291291292,0.015728680131296916,3.2329130448943635e-18,3.2329130448943635e-18
609,73.03303303303304,0.01561793473491044,3.024210912887683e-18,3.024210912887683e-18
610,73.15315315315316,0.015507969095167126,2.8289816393524013e-18,2.8289816393524013e-18
611,73.27327327327328,0.015398777721812385,2.6463554779488453e-18,2.6463554779488453e-18
612,73.3933933933934,0.015290355163248422,2.4755188291971226e-18,2.4755188291971226e-18
613,73.51351351351352,0.015182696006262021,2.315710615891791e-18,2.315710615891791e-18
614,73.63363363363364,0.015075794875754356,2.1662188925030904e-18,2.1662188925030904e-18
615,73.75375375375376,0.01496964643447259,2.026377673459936e-18,2.026377673459936e-18
616,73.87387387387388,0.014864245382743361,1.89556396618449e-18,1.89556396618449e-18
617,73.993993993994,0.014759586458208284,1.7731949956603765e-18,1.7731949956603765e-18
618,74.11411411411412,0.014655664435561098,1.6587256081702501e-18,1.6587256081702501e-18
619,74.23423423423424,0.01455247412628689,1.551645842636227e-18,1.551645842636227e-18
620,74.35435435435436,0.014450010378402996,1.4514786587434014e-18,1.4514786587434014e-18
621,74.47447447447448,0.01434826807620175,1.3577778117254628e-18,1.3577778117254628e-18
622,74.5945945945946,0.014247242139995139,1.2701258643444596e-18,1.2701258643444596e-18
623,74.71471471471472,0.014146927525861155,1.1881323272080005e-18,1.1881323272080005e-18
624,74.83483483483484,0.014047319225391935,1.111431919139193e-18,1.111431919139193e-18
625,74.95495495495496,0.013948412265443775,1.0396829398491605e-18,1.0396829398491605e-18
626,75.07507507507508,0.013850201707888796,9.725657476623348e-19,9.725657476623348e-19
627,75.1951951951952,0.01375268264936837,9.097813355129407e-19,9.097813355129407e-19
628,75.31531531531532,0.013655850221048375,8.510499988686481e-19,8.510499988686481e-19
629,75.43543543543544,0.01355969958837608,7.961100896469464e-19,7.961100896469464e-19
630,75.55555555555556,0.013464225950838724,7.447168505730585e-19,7.447168505730585e-19
631,75.67567567567568,0.013369424541723922,6.966413247863882e-19,6.966413247863882e-19
632,75.7957957957958,0.01327529062788164,6.516693358377609e-19,6.516693358377609e-19
633,75.91591591591592,0.013181819509487843,6.09600533533441e-19,6.09600533533441e-19
634,76.03603603603604,0.013089006519809931,5.702475013751069e-19,5.702475013751069e-19
635,76.15615615615616,0.012996847024973652,5.33434921619395e-19,5.33434921619395e-19
636,76.27627627627628,0.012905336423731829,4.989987942374345e-19,4.989987942374345e-19
637,76.3963963963964,0.01281447014723459,4.6678570629479e-19,4.6678570629479e-19
638,76.51651651651652,0.012724243658801239,4.366521484968754e-19,4.366521484968754e-19
639,76.63663663663664,0.012634652453693803,4.0846387585511207e-19,4.0846387585511207e-19
640,76.75675675675676,0.012545692058892112,3.820953096255646e-19,3.820953096255646e-19
641,76.87687687687688,0.01245735803287042,3.5742897785566527e-19,3.5742897785566527e-19
642,76.996996996997,0.012369645965375731,3.3435499204672023e-19,3.3435499204672023e-19
643,77.11711711711712,0.012282551477207576,3.1277055760069567e-19,3.1277055760069567e-19
644,77.23723723723724,0.012196070219999335,2.9257951587030805e-19,2.9257951587030805e-19
645,77.35735735735736,0.012110197876001202,2.7369191577229467e-19,2.7369191577229467e-19
646,77.47747747747748,0.012024930157864586,2.560236130553773e-19,2.560236130553773e-19
647,77.5975975975976,0.011940262808428012,2.394958954376425e-19,2.394958954376425e-19
648,77.71771771771772,0.011856191600504655,2.240351319433623e-19,2.240351319433623e-19
649,77.83783783783784,0.011772712336671239,2.0957244487702938e-19,2.0957244487702938e-19
650,77.95795795795796,0.011689820849058459,1.9604340297323974e-19,1.9604340297323974e-19
651,78.07807807807808,0.011607512999142946,1.8338773435543538e-19,1.8338773435543538e-19
652,78.1981981981982,0.011525784677540578,1.7154905802472053e-19,1.7154905802472053e-19
653,78.31831831831832,0.011444631803801364,1.6047463268252484e-19,1.6047463268252484e-19
654,78.43843843843844,0.011364050326205712,1.501151217681426e-19,1.501151217681426e-19
655,78.55855855855856,0.011284036221562089,1.4042437366437657e-19,1.4042437366437657e-19
656,78.67867867867868,0.011204585495006218,1.3135921609209405e-19,1.3135921609209405e-19
657,78.7987987987988,0.011125694179801608,1.2287926377774345e-19,1.2287926377774345e-19
658,78.91891891891892,0.011047358337141462,1.1494673853697823e-19,1.1494673853697823e-19
659,79.03903903903904,0.0109695740559521,1.0752630097285463e-19,1.0752630097285463e-19
660,79.15915915915916,0.010892337452697643,1.0058489303883456e-19,1.0058489303883456e-19
661,79.27927927927928,0.010815644671186104,9.409159076520276e-20,9.409159076520276e-20
662,79.3993993993994,0.010739491882376915,8.801746649278901e-20,8.801746649278901e-20
663,79.51951951951952,0.010663875284189722,8.233546000025997e-20,8.233546000025997e-20
664,79.63963963963964,0.010588791101314528,7.70202579508449e-20,7.70202579508449e-20
665,79.75975975975976,0.010514235585023275,7.204818112142639e-20,7.204818112142639e-20
666,79.87987987987988,0.01044020501298263,6.739707891161224e-20,6.739707891161224e-20
667,80.0,0.010366695689068133,6.304623066282054e-20,6.304623066282054e-20
668,80.12012012012012,0.010293703943179716,5.897625334775045e-20,5.897625334775045e-20
669,80.24024024024024,0.010221226131058386,5.51690152190046e-20,5.51690152190046e-20
670,80.36036036036036,0.010149258634104355,5.1607555032162406e-20,5.1607555032162406e-20
671,80.48048048048048,0.010077797859196342,4.827600648344009e-20,4.827600648344009e-20
672,80.6006006006006,0.010006840238512144,4.515952752531473e-20,4.515952752531473e-20
673,80.72072072072072,0.009936382229350574,4.224423424520904e-20,4.224423424520904e-20
674,80.84084084084084,0.009866420313954545,3.951713901266408e-20,3.951713901266408e-20
675,80.96096096096096,0.00979695099933542,3.6966092619451596e-20,3.6966092619451596e-20
676,81.08108108108108,0.009727970817098669,3.457973015485668e-20,3.457973015485668e-20
677,81.2012012012012,0.00965947632327067,3.234742037500321e-20,3.234742037500321e-20
678,81.32132132132132,0.009591464098126746,3.025921834066731e-20,3.025921834066731e-20
679,81.44144144144144,0.009523930746020471,2.830582111257743e-20,2.830582111257743e-20
680,81.56156156156156,0.009456872895214114,2.6478526306822137e-20,2.6478526306822137e-20
681,81.68168168168168,0.009390287197710278,2.4769193325733768e-20,2.4769193325733768e-20
682,81.8018018018018,0.009324170329084782,2.3170207091529423e-20,2.3170207091529423e-20
683,81.92192192192192,0.009258518988320667,2.167444412114121e-20,2.167444412114121e-20
684,82.04204204204204,0.009193329897643363,2.0275240791102488e-20,2.0275240791102488e-20
685,82.16216216216216,0.009128599802357088,1.8966363651108227e-20,1.8966363651108227e-20
686,82.28228228228228,0.009064325470682297,1.7741981653995397e-20,1.7741981653995397e-20
687,82.4024024024024,0.009000503693594371,1.659664017843052e-20,1.659664017843052e-20
688,82.52252252252252,0.008937131284663396,1.5525236728574047e-20,1.5525236728574047e-20
689,82.64264264264264,0.008874205079895028,1.4522998202462572e-20,1.4522998202462572e-20
690,82.76276276276276,0.008811721937572585,1.358545962784181e-20,1.358545962784181e-20
691,82.88288288288288,0.008749678738100168,1.2708444270717159e-20,1.2708444270717159e-20
692,83.003003003003,0.008688072383846878,1.1888045028004727e-20,1.1888045028004727e-20
693,83.12312312312312,0.008626899798992213,1.112060702138891e-20,1.112060702138891e-20
694,83.24324324324324,0.008566157929372473,1.0402711314841095e-20,1.0402711314841095e-20
695,83.36336336336336,0.00850584374232826,9.73115968326046e-21,9.73115968326046e-21
696,83.48348348348348,0.008445954226553103,9.102960364382623e-21,9.102960364382623e-21
697,83.6036036036036,0.008386486391943096,8.515314730480077e-21,8.515314730480077e-21
698,83.72372372372372,0.008327437269447584,7.965604820476305e-21,7.965604820476305e-21
699,83.84384384384384,0.00826880391092098,7.451381676930416e-21,7.451381676930416e-21
700,83.96396396396396,0.00821058338897554,6.970354435932802e-21,6.970354435932802e-21
701,84.08408408408408,0.008152772796835189,6.520380121306972e-21,6.520380121306972e-21
702,84.2042042042042,0.008095369248190452,6.0994540976516686e-21,6.0994540976516686e-21
703,84.32432432432432,0.008038369877054283,5.705701139691041e-21,5.705701139691041e-21
704,84.44444444444444,0.007981771837619032,5.337367078146478e-21,5.337367078146478e-21
705,84.56456456456456,0.00792557230411433,4.992810984913282e-21,4.992810984913282e-21
706,84.68468468468468,0.007869768470666,4.67049786272669e-21,4.67049786272669e-21
707,84.8048048048048,0.007814357551156,4.368991806749408e-21,4.368991806749408e-21
708,84.92492492492492,0.007759336779083305,4.086949607616238e-21,4.086949607616238e-21
709,85.04504504504504,0.007704703407425755,3.823114767436936e-21,3.823114767436936e-21
710,85.16516516516516,0.007650454708502957,3.576311902098409e-21,3.576311902098409e-21
711,85.28528528528528,0.007596587973840073,3.3454415049290377e-21,3.3454415049290377e-21
712,85.4054054054054,0.007543100514032572,3.129475048396932e-21,3.129475048396932e-21
713,85.52552552552552,0.007489989658612003,2.9274504020200227e-21,2.9274504020200227e-21
714,85.64564564564564,0.00743725275591264,2.7384675460752054e-21,2.7384675460752054e-21
715,85.76576576576576,0.007384887172939076,2.561684562010871e-21,2.561684562010871e-21
716,85.88588588588588,0.0073328902952348035,2.3963138816999564e-21,2.3963138816999564e-21
717,86.006006006006,0.007281259526751666,2.2416187788243e-21,2.2416187788243e-21
718,86.12612612612612,0.007229992289720218,2.0969100867592215e-21,2.0969100867592215e-21
719,86.24624624624624,0.007179086024521077,1.9615431283363673e-21,1.9615431283363673e-21
720,86.36636636636636,0.0071285381895570795,1.834914843807227e-21,1.834914843807227e-21
721,86.48648648648648,0.007078346261126423,1.7164611042122153e-21,1.7164611042122153e-21
722,86.6066066066066,0.007028507733296653,1.6056541981862914e-21,1.6056541981862914e-21
723,86.72672672672672,0.006979020117779528,1.5020004810050718e-21,1.5020004810050718e-21
724,86.84684684684684,0.006929880943806825,1.4050381753977994e-21,1.4050381753977994e-21
725,86.96696696696696,0.006881087758006962,1.31433531432971e-21,1.31433531432971e-21
726,87.08708708708708,0.00683263812428249,1.2294878165890946e-21,1.2294878165890946e-21
727,87.2072072072072,0.006784529623688504,1.1501176866056759e-21,1.1501176866056759e-21
728,87.32732732732732,0.0067367598543118514,1.075871330480433e-21,1.075871330480433e-21
729,87.44744744744744,0.006689326431151198,1.006417980724944e-21,1.006417980724944e-21
730,87.56756756756756,0.006642226985997983,9.414482226923722e-22,9.414482226923722e-22
731,87.68768768768768,0.0065954591673181686,8.806726161352841e-22,8.806726161352841e-22
732,87.8078078078078,0.006549020640134811,8.238204057494831e-22,8.238204057494831e-22
733,87.92792792792793,0.006502909085911523,7.706383149592479e-22,7.706383149592479e-22
734,88.04804804804805,0.006457122202436697,7.208894175702464e-22,7.208894175702464e-22
735,88.16816816816817,0.006411657703708544,6.743520822634503e-22,6.743520822634503e-22
736,88.28828828828829,0.006366513319821002,6.308189852277054e-22,6.308189852277054e-22
737,88.4084084084084,0.006321686796850361,5.900961865322023e-22,5.900961865322023e-22
738,88.52852852852853,0.006277175896742767,5.52002266124174e-22,5.52002266124174e-22
739,88.64864864864865,0.006232978397202473,5.163675156026404e-22,5.163675156026404e-22
740,88.76876876876877,0.006189092091580865,4.83033182167522e-22,4.83033182167522e-22
741,88.88888888888889,0.006145514788766321,4.518507613759888e-22,4.518507613759888e-22
742,89.009009009009,0.006102244313074806,4.226813355552327e-22,4.226813355552327e-22
743,89.12912912912913,0.0060592785041412274,3.953949549242679e-22,3.953949549242679e-22
744,89.24924924924925,0.006016615216811603,3.698700586677166e-22,3.698700586677166e-22
745,89.36936936936937,0.00597425232103595,3.459929333824299e-22,3.459929333824299e-22
746,89.48948948948949,0.005932187701761917,3.236572064843034e-22,3.236572064843034e-22
747,89.6096096096096,0.005890419258829223,3.0276337231846443e-22,3.0276337231846443e-22
748,89.72972972972973,0.005848944906864777,2.8321834886162286e-22,2.8321834886162286e-22
749,89.84984984984985,0.0058077625751785595,2.6493506304167975e-22,2.6493506304167975e-22
750,89.96996996996997,0.005766870207660259,2.4783206282723087e-22,2.4783206282723087e-22
751,90.09009009009009,0.005726265762676607,2.3183315435880305e-22,2.3183315435880305e-22
752,90.2102102102102,0.005685947212969428,2.168670625052277e-22,2.168670625052277e-22
753,90.33033033033033,0.0056459125455544604,2.028671133329647e-22,2.028671133329647e-22
754,90.45045045045045,0.005606159761620813,1.8977093707375768e-22,1.8977093707375768e-22
755,90.57057057057057,0.005566686876431208,1.7752019026733105e-22,1.7752019026733105e-22
756,90.69069069069069,0.005527491919222873,1.660602958413014e-22,1.660602958413014e-22
757,90.8108108108108,0.005488572933109129,1.5534019997034407e-22,1.5534019997034407e-22
758,90.93093093093093,0.0054499279749817215,1.4531214463141339e-22,1.4531214463141339e-22
759,91.05105105105105,0.005411555115413795,1.35931454841772e-22,1.35931454841772e-22
760,91.17117117117117,0.005373452438563539,1.2715633963196232e-22,1.2715633963196232e-22
761,91.29129129129129,0.0053356180420785744,1.1894770586704752e-22,1.1894770586704752e-22
762,91.41141141141141,0.005298050037000953,1.1126898408671352e-22,1.1126898408671352e-22
763,91.53153153153153,0.00526074654767284,1.0408596558833912e-22,1.0408596558833912e-22
764,91.65165165165165,0.00522370571164289,9.736665002723411e-23,9.736665002723411e-23
765,91.77177177177177,0.00518692567957325,9.10811028551183e-23,9.10811028551183e-23
766,91.89189189189189,0.005150404615147214,8.520132196172217e-23,8.520132196172217e-23
767,92.01201201201201,0.005114140694977566,7.970111292539215e-23,7.970111292539215e-23
768,92.13213213213213,0.00507813210851553,7.455597231695428e-23,7.455597231695428e-23
769,92.25225225225225,0.0050423770579603655,6.974297853694799e-23,6.974297853694799e-23
770,92.37237237237237,0.005006873758169638,6.524068969990588e-23,6.524068969990588e-23
771,92.49249249249249,0.004971620436570052,6.102904811076395e-23,6.102904811076395e-23
772,92.61261261261261,0.004936615333068992,5.708929090783875e-23,5.708929090783875e-23
773,92.73273273273273,0.004901856699966621,5.340386647428315e-23,5.340386647428315e-23
774,92.85285285285285,0.004867342801868624,4.9956356245641304e-23,4.9956356245641304e-23
775,92.97297297297297,0.0048330719155995775,4.673140156515123e-23,4.673140156515123e-23
776,93.09309309309309,0.004799042330116915,4.3714635260932537e-23,4.3714635260932537e-23
777,93.21321321321321,0.004765252346425477,4.089261764024236e-23,4.089261764024236e-23
778,93.33333333333333,0.004731700277492721,3.825277661565008e-23,3.825277661565008e-23
779,93.45345345345345,0.004698384448164471,3.5783351696390776e-23,3.5783351696390776e-23
780,93.57357357357357,0.004665303195081272,3.347334159538429e-23,3.347334159538429e-23
781,93.69369369369369,0.004632454866595375,3.131245521850614e-23,3.131245521850614e-23
782,93.81381381381381,0.004599837822688255,2.929106581776561e-23,2.929106581776561e-23
783,93.93393393393393,0.004567450434888717,2.740016810414788e-23,2.740016810414788e-23
784,94.05405405405405,0.004535291086191625,2.5631338129055447e-23,2.5631338129055447e-23
785,94.17417417417417,0.004503358170977146,2.397669575561907e-23,2.397669575561907e-23
786,94.29429429429429,0.004471650094930585,2.2428869552691694e-23,2.2428869552691694e-23
787,94.41441441441441,0.004440165274962803,2.0980963955125912e-23,2.0980963955125912e-23
788,94.53453453453453,0.004408902139131154,1.9626528544032843e-23,1.9626528544032843e-23
789,94.65465465465465,0.004377859126561028,1.8359529310168986e-23,1.8359529310168986e-23
790,94.77477477477477,0.0043470346873679105,1.717432177242768e-23,1.717432177242768e-23
791,94.89489489489489,0.004316427282579986,1.6065625831677082e-23,1.6065625831677082e-23
792,95.01501501501501,0.004286035384061329,1.5028502247921008e-23,1.5028502247921008e-23
793,95.13513513513513,0.004255857474435596,1.4058330635986896e-23,1.4058330635986896e-23
794,95.25525525525525,0.004225892047010255,1.3150788881710959e-23,1.3150788881710959e-23
795,95.37537537537537,0.004196137605701384,1.2301833886921576e-23,1.2301833886921576e-23
796,95.49549549549549,0.004166592664958967,1.1507683557438716e-23,1.1507683557438716e-23
797,95.61561561561561,0.004137255749692709,1.0764799953845255e-23,1.0764799953845255e-23
798,95.73573573573573,0.004108125395198417,1.0069873529968512e-23,1.0069873529968512e-23
799,95.85585585585585,0.004079200147084855,9.41980838885349e-24,9.41980838885349e-24
800,95.97597597597597,0.004050478561201126,8.811708490542686e-24,8.811708490542686e-24
801,96.09609609609609,0.0040219592035645865,8.24286475021941e-24,8.24286475021941e-24
802,96.21621621621621,0.0039936406502892405,7.710742969236111e-24,7.710742969236111e-24
803,96.33633633633633,0.003965521487514645,7.212972545260013e-24,7.212972545260013e-24
804,96.45645645645645,0.003937600311335338,6.7473359112408e-24,6.7473359112408e-24
805,96.57657657657657,0.003909875727730722,6.311758656150396e-24,6.311758656150396e-24
806,96.69669669669669,0.0038823463524954864,5.904300283482313e-24,5.904300283482313e-24
807,96.81681681681681,0.0038550108111704904,5.523145566340619e-24,5.523145566340619e-24
808,96.93693693693693,0.0038278677389741275,5.1665964606049035e-24,5.1665964606049035e-24
809,97.05705705705705,0.003800915780734209,4.833064540144131e-24,4.833064540144131e-24
810,97.17717717717717,0.0037741535908202917,4.521063920378955e-24,4.521063920378955e-24
811,97.29729729729729,0.003747579833076486,4.229204638666569e-24,4.229204638666569e-24
812,97.41741741741741,0.0037211931807547656,3.9561864620174645e-24,3.9561864620174645e-24
813,97.53753753753753,0.0036949923164487177,3.70079309455806e-24,3.70079309455806e-24
814,97.65765765765765,0.0036689759320277567,3.4618867589331174e-24,3.4618867589331174e-24
815,97.77777777777777,0.0036431427285718346,3.238403127507895e-24,3.238403127507895e-24
816,97.89789789789789,0.00361749141630658,3.0293465807890265e-24,3.0293465807890265e-24
817,98.01801801801801,0.0035920207145388934,2.833785771940111e-24,2.833785771940111e-24
818,98.13813813813813,0.003566729351593025,2.6508494776317806e-24,2.6508494776317806e-24
819,98.25825825825825,0.0035416160647470745,2.4797227167421676e-24,2.4797227167421676e-24
820,98.37837837837837,0.0035166796001699393,2.3196431196163675e-24,2.3196431196163675e-24
821,98.49849849849849,0.0034919187128587327,2.1698975317098015e-24,2.1698975317098015e-24
822,98.61861861861861,0.0034673321665766024,2.029818836485054e-24,2.029818836485054e-24
823,98.73873873873873,0.003442918733791032,1.8987829834079882e-24,1.8987829834079882e-24
824,98.85885885885885,0.00341867719561254,1.7762062078027664e-24,1.7762062078027664e-24
825,98.97897897897897,0.00339460634173382,1.6615424301804855e-24,1.6615424301804855e-24
826,99.09909909909909,0.00337070497036933,1.5542808234552966e-24,1.5542808234552966e-24
827,99.21921921921921,0.0033469718881952793,1.4539435372098557e-24,1.4539435372098557e-24
828,99.33933933933933,0.003323405910290046,1.3600835688719364e-24,1.3600835688719364e-24
829,99.45945945945945,0.0033000058600750294,1.2722827723181668e-24,1.2722827723181668e-24
830,99.57957957957957,0.003276770569255902,1.1901499950331469e-24,1.1901499950331469e-24
831,99.69969969969969,0.0032536988777642707,1.1133193355251757e-24,1.1133193355251757e-24
832,99.81981981981981,0.0032307896336997736,1.0414485132352638e-24,1.0414485132352638e-24
833,99.93993993993993,0.0032080416932725626,9.742173436773251e-25,9.742173436773251e-25
834,100.06006006006005,0.0031854539207461867,9.113263120164392e-25,9.113263120164392e-25
835,100.18018018018017,0.0031630251883809075,8.524952387303926e-25,8.524952387303926e-25
836,100.3003003003003,0.003140754376377385,7.974620314099736e-25,7.974620314099736e-25
837,100.42042042042041,0.0031186403728207593,7.459815171374106e-25,7.459815171374106e-25
838,100.54054054054053,0.0030966820736251593,6.978243502411303e-25,6.978243502411303e-25
839,100.66066066066065,0.003074878382478553,6.527759905608458e-25,6.527759905608458e-25
840,100.78078078078077,0.0030532282107880336,6.106357476712407e-25,6.106357476712407e-25
841,100.9009009009009,0.0030317304776254594,5.712158868062132e-25,5.712158868062132e-25
842,101.02102102102101,0.0030103841096734813,5.343407925005369e-25,5.343407925005369e-25
843,101.14114114114113,0.0029891880411719663,4.998461862230442e-25,4.998461862230442e-25
844,101.26126126126125,0.0029681412138647845,4.675783945158424e-25,4.675783945158424e-25
845,101.38138138138137,0.0029472425769469617,4.3739366437909495e-25,4.3739366437909495e-25
846,101.5015015015015,0.0029264910870122358,4.091575228514733e-25,4.091575228514733e-25
847,101.62162162162161,0.002905885708000949,3.827441779331735e-25,3.827441779331735e-25
848,101.74174174174173,0.0028854254111483186,3.580359581825865e-25,3.580359581825865e-25
849,101.86186186186185,0.002865109174933085,3.349227884900803e-25,3.349227884900803e-25
850,101.98198198198197,0.0028449359850265055,3.133016996934347e-25,3.133016996934347e-25
851,102.1021021021021,0.002824904834241702,2.9307636985024793e-25,2.9307636985024793e-25
852,102.22222222222221,0.0028050147224833915,2.741566951237278e-25,2.741566951237278e-25
853,102.34234234234233,0.002785264656697947,2.5645838837013825e-25,2.5645838837013825e-25
854,102.46246246246245,0.002765653650823809,2.3990260363959397e-25,2.3990260363959397e-25
855,102.58258258258259,0.00274618072574227,2.244155849173883e-25,2.244155849173883e-25
856,102.70270270270271,0.002726844909228581,2.0992833754098674e-25,2.0992833754098674e-25
857,102.82282282282283,0.00270764523590341,1.9637632082881158e-25,1.9637632082881158e-25
858,102.94294294294295,0.002688580747184651,1.8369916055154222e-25,1.8369916055154222e-25
859,103.06306306306307,0.002669650491239551,1.7184037996494803e-25,1.7184037996494803e-25
860,103.18318318318319,0.0026508535229372056,1.6074714820600635e-25,1.6074714820600635e-25
861,103.30330330330331,0.0026321889038013616,1.5037004493143205e-25,1.5037004493143205e-25
862,103.42342342342343,0.0026136557019635566,1.406628401500698e-25,1.406628401500698e-25
863,103.54354354354355,0.0025952529921166047,1.315822882682945e-25,1.315822882682945e-25
864,103.66366366366367,0.0025769798554683967,1.230879354309116e-25,1.230879354309116e-25
865,103.78378378378379,0.0025588353796960153,1.151419392992499e-25,1.151419392992499e-25
866,103.90390390390391,0.0025408186589002033,1.0770890046355182e-25,1.0770890046355182e-25
867,104.02402402402403,0.0025229287935601254,1.0075570473861915e-25,1.0075570473861915e-25
868,104.14414414414415,0.002505164890488452,9.425137564013257e-26,9.425137564013257e-26
869,104.26426426426427,0.0024875260627867817,8.816693638442137e-26,8.816693638442137e-26
870,104.38438438438439,0.0024700114298013415,8.247528079690545e-26,8.247528079690545e-26
871,104.50450450450451,0.002452620117079035,7.715105255409961e-26,7.715105255409961e-26
872,104.62462462462463,0.0024353512563237765,7.217053222119827e-26,7.217053222119827e-26
873,104.74474474474475,0.002418203985353133,6.751153158200444e-26,6.751153158200444e-26
874,104.86486486486487,0.002401177448055293,6.31532947904363e-26,6.31532947904363e-26
875,104.98498498498499,0.0023842707943463127,5.907640590323774e-26,5.907640590323774e-26
876,105.10510510510511,0.0023674831801276715,5.52627023819602e-26,5.52627023819602e-26
877,105.22522522522523,0.00235081376724414,5.169519417886178e-26,5.169519417886178e-26
878,105.34534534534535,0.0023342617234419255,4.835798804624858e-26,4.835798804624858e-26
879,105.46546546546547,0.0023178262223271175,4.52362167320636e-26,4.52362167320636e-26
880,105.58558558558559,0.0023015064433244367,4.23159727462853e-26,4.23159727462853e-26
881,105.70570570570571,0.002285301571636263,3.958424640306286e-26,3.958424640306286e-26
882,105.82582582582583,0.0022692107982019466,3.702886786257171e-26,3.702886786257171e-26
883,105.94594594594595,0.0022532333196574285,3.463845291438244e-26,3.463845291438244e-26
884,106.06606606606607,0.0022373683382951237,3.240235226080606e-26,3.240235226080606e-26
885,106.18618618618619,0.0022216150620240874,3.031060407427769e-26,3.031060407427769e-26
886,106.30630630630631,0.0022059727043304837,2.8353889617419114e-26,2.8353889617419114e-26
887,106.42642642642643,0.0021904404842382997,2.652349172806599e-26,2.652349172806599e-26
888,106.54654654654655,0.00217501762627037,2.48112559843144e-26,2.48112559843144e-26
889,106.66666666666667,0.002159703360409651,2.3209554376574873e-26,2.3209554376574873e-26
890,106.78678678678679,0.002144496922060772,2.1711251324791453e-26,2.1711251324791453e-26
891,106.90690690690691,0.0021293975520118723,2.030967188943584e-26,2.030967188943584e-26
892,107.02702702702703,0.0021144044963966897,1.8998572034654726e-26,1.8998572034654726e-26
893,107.14714714714715,0.0020995170066569185,1.7772110811091543e-26,1.7772110811091543e-26
894,107.26726726726727,0.0020847343395048444,1.6624824334459762e-26,1.6624824334459762e-26
895,107.38738738738739,0.002070055756886232,1.5551601443940817e-26,1.5551601443940817e-26
896,107.50750750750751,0.0020554805259434686,1.4547660931963843e-26,1.4547660931963843e-26
897,107.62762762762763,0.0020410079189789867,1.360853024392817e-26,1.360853024392817e-26
898,107.74774774774775,0.0020266372134189244,1.2730025552974533e-26,1.2730025552974533e-26
899,107.86786786786787,0.0020123676917770477,1.1908233121037398e-26,1.1908233121037398e-26
900,107.98798798798799,0.0019981986416189373,1.113949186314369e-26,1.113949186314369e-26
901,108.10810810810811,0.0019841293555264137,1.042037703728085e-26,1.042037703728085e-26
902,108.22822822822823,0.0019701591310622123,9.747684987171966e-27,9.747684987171966e-27
903,108.34834834834835,0.001956287270734925,9.118418869988547e-27,9.118418869988547e-27
904,108.46846846846847,0.001942513081964165,8.529775305417037e-27,8.529775305417037e-27
905,108.58858858858859,0.0019288358770459969,7.979131886600168e-27,7.979131886600168e-27
906,108.70870870870871,0.0019152549731185989,7.464035497315638e-27,7.464035497315638e-27
907,108.82882882882883,0.0019017696921281634,6.982191383344409e-27,6.982191383344409e-27
908,108.94894894894895,0.0018883793607950543,6.531452929341197e-27,6.531452929341197e-27
909,109.06906906906907,0.0018750833105801883,6.1098120956641116e-27,6.1098120956641116e-27
910,109.1891891891892,0.0018618808776516488,5.7153904725589234e-27,5.7153904725589234e-27
911,109.30930930930931,0.0018487714028515559,5.3464309118440545e-27,5.3464309118440545e-27
912,109.42942942942943,0.0018357542316631494,5.0012896988162435e-27,5.0012896988162435e-27
913,109.54954954954955,0.0018228287141781071,4.678429229502261e-27,4.678429229502261e-27
914,109.66966966966967,0.0018099942050641064,4.376411160633571e-27,4.376411160633571e-27
915,109.7897897897898,0.0017972500635325993,4.0938900018277364e-27,4.0938900018277364e-27
916,109.90990990990991,0.0017845956533068155,3.829607121429352e-27,3.829607121429352e-27
917,110.03003003003003,0.0017720303425900047,3.58238513930632e-27,3.58238513930632e-27
918,110.15015015015015,0.0017595535040338876,3.351122681621906e-27,3.351122681621906e-27
919,110.27027027027027,0.0017471645147073304,3.1347894742147707e-27,3.1347894742147707e-27
920,110.3903903903904,0.001734862756065253,2.932421752727838e-27,2.932421752727838e-27
921,110.51051051051051,0.0017226476139177366,2.7431179690385167e-27,2.7431179690385167e-27
922,110.63063063063063,0.0017105184783993686,2.5660347748622194e-27,2.5660347748622194e-27
923,110.75075075075075,0.001698474743938789,2.4003832646359457e-27,2.4003832646359457e-27
924,110.87087087087087,0.0016865158092284525,2.2454254609443695e-27,2.2454254609443695e-27
925,110.990990990991,0.0016746410771946152,2.1004710268307737e-27,2.1004710268307737e-27
926,111.11111111111111,0.0016628499549675207,1.9648741903460724e-27,1.9648741903460724e-27
927,111.23123123123123,0.0016511418538517945,1.838030867635076e-27,1.838030867635076e-27
928,111.35135135135135,0.0016395161892970621,1.7193759717431815e-27,1.7193759717431815e-27
929,111.47147147147147,0.001627972380868759,1.6083808951541211e-27,1.6083808951541211e-27
930,111.5915915915916,0.001616509852219147,1.5045511548437235e-27,1.5045511548437235e-27
931,111.71171171171171,0.0016051280310585485,1.4074241893582582e-27,1.4074241893582582e-27
932,111.83183183183183,0.0015938263491267685,1.3165672981032665e-27,1.3165672981032665e-27
933,111.95195195195195,0.0015826042421647189,1.231575713662614e-27,1.231575713662614e-27
934,112.07207207207207,0.0015714611498862557,1.1520707985598297e-27,1.1520707985598297e-27
935,112.1921921921922,0.0015603965159502005,1.0776983584282371e-27,1.0776983584282371e-27
936,112.31231231231232,0.001549409787932561,1.0081270640752146e-27,1.0081270640752146e-27
937,112.43243243243244,0.0015385004172989599,9.430469754107867e-28,9.430469754107867e-28
938,112.55255255255256,0.0015276678593772349,8.821681606645974e-28,8.821681606645974e-28
939,112.67267267267268,0.0015169115733302577,8.252194047400073e-28,8.252194047400073e-28
940,112.7927927927928,0.0015062310221289254,7.719470009509554e-28,7.719470009509554e-28
941,112.91291291291292,0.0014956256725253449,7.221136207587348e-28,7.221136207587348e-28
942,113.03303303303304,0.0014850949950262168,6.754972564734604e-28,6.754972564734604e-28
943,113.15315315315316,0.0014746384638663964,6.318902322099091e-28,6.318902322099091e-28
944,113.27327327327328,0.0014642555569826395,5.910982786914996e-28,5.910982786914996e-28
945,113.3933933933934,0.001453945755987545,5.529396677807549e-28,5.529396677807549e-28
946,113.51351351351352,0.00144370854614367,5.172444028805299e-28,5.172444028805299e-28
947,113.63363363363364,0.001433543416337825,4.83853461599211e-28,4.83853461599211e-28
948,113.75375375375376,0.0014234498590555659,4.526180873060347e-28,4.526180873060347e-28
949,113.87387387387388,0.001413427370355849,4.2339912642036325e-28,4.2339912642036325e-28
950,113.993993993994,0.0014034754498458686,3.960664084825153e-28,3.960664084825153e-28
951,114.11411411411412,0.0013935936006560805,3.7049816624442857e-28,3.7049816624442857e-28
952,114.23423423423424,0.001383781329415392,3.465804931966228e-28,3.465804931966228e-28
953,114.35435435435436,0.0013740381462265237,3.2420683611472688e-28,3.2420683611472688e-28
954,114.47447447447448,0.0013643635646415622,3.0327752036491377e-28,3.0327752036491377e-28
955,114.5945945945946,0.00135475710163766,2.836993058534503e-28,2.836993058534503e-28
956,114.71471471471472,0.0013452182775929302,2.653849716421016e-28,2.653849716421016e-28
957,114.83483483483484,0.0013357466162624966,2.4825292737889168e-28,2.4825292737889168e-28
958,114.95495495495496,0.001326341644754712,2.3222684981312103e-28,2.3222684981312103e-28
959,115.07507507507508,0.0013170028935075558,2.172353427753027e-28,2.172353427753027e-28
960,115.1951951951952,0.0013077298962651859,2.0321161910726044e-28,2.0321161910726044e-28
961,115.31531531531532,0.0012985221900546579,1.900932031253668e-28,1.900932031253668e-28
962,115.43543543543544,0.0012893793151628151,1.7782165229139403e-28,1.7782165229139403e-28
963,115.55555555555556,0.0012803008151133354,1.6634229685101992e-28,1.6634229685101992e-28
964,115.67567567567568,0.001271286236643935,1.5560399628010856e-28,1.5560399628010856e-28
965,115.7957957957958,0.0012623351296837469,1.4555891145368613e-28,1.4555891145368613e-28
966,115.91591591591592,0.001253447047330846,1.361622915226516e-28,1.361622915226516e-28
967,116.03603603603604,0.0012446215458299336,1.2737227454877377e-28,1.2737227454877377e-28
968,116.15615615615616,0.0012358581845501883,1.1914970100976526e-28,1.1914970100976526e-28
969,116.27627627627628,0.0012271565259632641,1.114579393436209e-28,1.114579393436209e-28
970,116.3963963963964,0.0012185161356214418,1.042627227550334e-28,1.042627227550334e-28
971,116.51651651651652,0.0012099365821359462,9.753199655682738e-29,9.753199655682738e-29
972,116.63663663663664,0.0012014174371553993,9.123577536633657e-29,9.123577536633657e-29
973,116.75675675675676,0.0011929582753444428,8.534600952054372e-29,8.534600952054372e-29
974,116.87687687687688,0.0011845586743624973,7.983646011483793e-29,7.983646011483793e-29
975,116.996996996997,0.001176218214842674,7.46825821087014e-29,7.46825821087014e-29
976,117.11711711711712,0.001167936480370843,6.986141497757021e-29,6.986141497757021e-29
977,117.23723723723724,0.0011597130574648403,6.535148042370232e-29,6.535148042370232e-29
978,117.35735735735736,0.0011515475355538202,6.113268669036664e-29,6.113268669036664e-29
979,117.47747747747748,0.0011434395069577624,5.718623905308019e-29,5.718623905308019e-29
980,117.5975975975976,0.0011353885668671172,5.349455608911448e-29,5.349455608911448e-29
981,117.71771771771772,0.0011273943133225878,5.0041191352261823e-29,5.0041191352261823e-29
982,117.83783783783784,0.0011194563471950707,4.681076010392846e-29,4.681076010392846e-29
983,117.95795795795796,0.001111574272165724,4.3788870774127353e-29,4.3788870774127353e-29
984,118.07807807807808,0.001103747694706178,4.0962060847037584e-29,4.0962060847037584e-29
985,118.1981981981982,0.0010959762240588928,3.831773688550541e-29,3.831773688550541e-29
986,118.31831831831832,0.0010882594722176466,3.584411842728435e-29,3.584411842728435e-29
987,118.43843843843844,0.0010805970539081605,3.3530185503078956e-29,3.3530185503078956e-29
988,118.55855855855856,0.00107298858656887,3.136562954258893e-29,3.136562954258893e-29
989,118.67867867867868,0.0010654336903318166,2.934080744983061e-29,2.934080744983061e-29
990,118.7987987987988,0.0010579319880036895,2.7446698643146874e-29,2.7446698643146874e-29
991,118.91891891891892,0.0010504831050469894,2.567486486852187e-29,2.567486486852187e-29
992,119.03903903903904,0.001043086669561328,2.401741260716112e-29,2.401741260716112e-29
993,119.15915915915916,0.0010357423122648644,2.2466957909867388e-29,2.2466957909867388e-29
994,119.27927927927928,0.001028449666475865,2.101659350155189e-29,2.101659350155189e-29
995,119.3993993993994,0.0010212083680943946,1.9659858009325238e-29,1.9659858009325238e-29
996,119.51951951951952,0.0010140180555841425,1.8390707177082902e-29,1.8390707177082902e-29
997,119.63963963963964,0.00100687836995437,1.720348693834828e-29,1.720348693834828e-29
998,119.75975975975976,0.0009997889547419833,1.6092908227407743e-29,1.6092908227407743e-29
999,119.87987987987988,0.000992749455993743,1.5054023416524256e-29,1.5054023416524256e-29
1000,120.0,0.0009857595222485889,1.4082204274259092e-29,1.4082204274259092e-29
